{"mean":{"confidence_interval":{"confidence_level":0.95,"lower_bound":-0.005673744078147744,"upper_bound":0.0003605779083727556},"point_estimate":-0.002426576312779538,"standard_error":0.0015416863903345306},"median":{"confidence_interval":{"confidence_level":0.95,"lower_bound":-0.0006191901304677394,"upper_bound":0.0009083221758696691},"point_estimate":0.00009218043289349609,"standard_error":0.0003788249639839959}}