{"mean":{"confidence_interval":{"confidence_level":0.95,"lower_bound":-0.046104049527195816,"upper_bound":-0.0010644310684283698},"point_estimate":-0.021346302419605778,"standard_error":0.011585988612886183},"median":{"confidence_interval":{"confidence_level":0.95,"lower_bound":-0.0023650587330023695,"upper_bound":0.00029942173996566623},"point_estimate":-0.0008038872383331341,"standard_error":0.0006513524396761291}}