{"mean":{"confidence_interval":{"confidence_level":0.95,"lower_bound":-0.022205529437447625,"upper_bound":0.012012975924330876},"point_estimate":-0.005919413874838186,"standard_error":0.00856799066354067},"median":{"confidence_interval":{"confidence_level":0.95,"lower_bound":-0.018241786716137187,"upper_bound":0.005002314845885758},"point_estimate":-0.004836710325759386,"standard_error":0.004815816602310718}}