{"mean":{"confidence_interval":{"confidence_level":0.95,"lower_bound":-0.0016619614463100672,"upper_bound":0.010327035350367258},"point_estimate":0.0030441032378207833,"standard_error":0.003278854566561095},"median":{"confidence_interval":{"confidence_level":0.95,"lower_bound":-0.00034098761364276253,"upper_bound":0.001304523408535374},"point_estimate":0.0006155436628052513,"standard_error":0.0004136812112583967}}