{"mean":{"confidence_interval":{"confidence_level":0.95,"lower_bound":0.0051931027812565315,"upper_bound":0.012489114939971471},"point_estimate":0.00884486018730346,"standard_error":0.0018878330521708122},"median":{"confidence_interval":{"confidence_level":0.95,"lower_bound":0.0018959520782608763,"upper_bound":0.007139267667896245},"point_estimate":0.0031683697115398868,"standard_error":0.0012034002067241383}}