{"mean":{"confidence_interval":{"confidence_level":0.95,"lower_bound":-0.05385751070060856,"upper_bound":0.011096012690110313},"point_estimate":-0.017407430220112374,"standard_error":0.01675263510722102},"median":{"confidence_interval":{"confidence_level":0.95,"lower_bound":-0.042027733686001545,"upper_bound":0.01377139875711575},"point_estimate":-0.0162993300256441,"standard_error":0.014199185778030208}}