{"mean":{"confidence_interval":{"confidence_level":0.95,"lower_bound":-0.001466218679273573,"upper_bound":0.0015762329100449716},"point_estimate":0.00004142245858718141,"standard_error":0.0007792816991001125},"median":{"confidence_interval":{"confidence_level":0.95,"lower_bound":-0.0006871983167107132,"upper_bound":0.0005421325736845173},"point_estimate":-0.00006335498767529035,"standard_error":0.00031631958329096844}}