{"mean":{"confidence_interval":{"confidence_level":0.95,"lower_bound":-0.05596129360898528,"upper_bound":0.01876693439980723},"point_estimate":-0.017337726285738264,"standard_error":0.019031294438906107},"median":{"confidence_interval":{"confidence_level":0.95,"lower_bound":-0.027105993959548047,"upper_bound":0.0251079481935772},"point_estimate":-0.0017561171151802002,"standard_error":0.01316248604741439}}