{"mean":{"confidence_interval":{"confidence_level":0.95,"lower_bound":-0.027189036409991617,"upper_bound":0.038802253601969205},"point_estimate":0.005839928186810894,"standard_error":0.016771721768113014},"median":{"confidence_interval":{"confidence_level":0.95,"lower_bound":-0.042040487532734816,"upper_bound":0.022816133795661796},"point_estimate":-0.008670285371628506,"standard_error":0.017096329436450515}}