{"mean":{"confidence_interval":{"confidence_level":0.95,"lower_bound":-0.00106760681579767,"upper_bound":0.004198921334338754},"point_estimate":0.001559394906746725,"standard_error":0.001337611443516703},"median":{"confidence_interval":{"confidence_level":0.95,"lower_bound":-0.000765979864737143,"upper_bound":0.0017095329841356846},"point_estimate":0.0004024653946794743,"standard_error":0.0006631083090350779}}