{"mean":{"confidence_interval":{"confidence_level":0.95,"lower_bound":-0.022010844592474932,"upper_bound":0.03543656013742059},"point_estimate":0.006111652655413691,"standard_error":0.014598056657434551},"median":{"confidence_interval":{"confidence_level":0.95,"lower_bound":-0.05642716393641023,"upper_bound":0.08160308327385285},"point_estimate":0.010781426192513877,"standard_error":0.035524018040099616}}