{"mean":{"confidence_interval":{"confidence_level":0.95,"lower_bound":-0.023490533711422783,"upper_bound":0.005704871947644707},"point_estimate":-0.007520462309735243,"standard_error":0.007469517781172232},"median":{"confidence_interval":{"confidence_level":0.95,"lower_bound":-0.017596835042226207,"upper_bound":0.0034008499378308044},"point_estimate":-0.008807963580734102,"standard_error":0.005481912310330489}}