{"mean":{"confidence_interval":{"confidence_level":0.95,"lower_bound":0.00816219083669363,"upper_bound":0.07554309373480131},"point_estimate":0.03713905300523157,"standard_error":0.016862582111422487},"median":{"confidence_interval":{"confidence_level":0.95,"lower_bound":0.00014108471837593814,"upper_bound":0.05700566934635254},"point_estimate":0.021650100658674898,"standard_error":0.013868655551019267}}