{"mean":{"confidence_interval":{"confidence_level":0.95,"lower_bound":-0.014168000002449357,"upper_bound":-0.006101683896147637},"point_estimate":-0.009869442271608908,"standard_error":0.002063010560025872},"median":{"confidence_interval":{"confidence_level":0.95,"lower_bound":-0.009010259833139411,"upper_bound":-0.0027097083734494154},"point_estimate":-0.005312266999133564,"standard_error":0.0017023774787292103}}