{"mean":{"confidence_interval":{"confidence_level":0.95,"lower_bound":-0.01206829572246423,"upper_bound":0.015083504882094314},"point_estimate":0.0016386074513232707,"standard_error":0.006811451849769726},"median":{"confidence_interval":{"confidence_level":0.95,"lower_bound":-0.00005169862663423341,"upper_bound":0.005954637751608205},"point_estimate":0.0029975281630003625,"standard_error":0.0015027639545292229}}