{"mean":{"confidence_interval":{"confidence_level":0.95,"lower_bound":-0.021413416902154384,"upper_bound":-0.0021649710417942585},"point_estimate":-0.009583234731022738,"standard_error":0.005176071802173421},"median":{"confidence_interval":{"confidence_level":0.95,"lower_bound":-0.002032689149208955,"upper_bound":0.0003229483885692588},"point_estimate":-0.0007091524071523025,"standard_error":0.0005989405419626201}}