{"mean":{"confidence_interval":{"confidence_level":0.95,"lower_bound":-0.0022590892016247587,"upper_bound":0.005062783382751346},"point_estimate":0.001441200398091702,"standard_error":0.0018662352672927068},"median":{"confidence_interval":{"confidence_level":0.95,"lower_bound":-0.0031997931157319087,"upper_bound":0.007217704409331338},"point_estimate":0.002311343501286922,"standard_error":0.0026349538523486767}}