{"mean":{"confidence_interval":{"confidence_level":0.95,"lower_bound":-0.03481831569268849,"upper_bound":0.02147334886211855},"point_estimate":-0.00677152375082668,"standard_error":0.014461411496641352},"median":{"confidence_interval":{"confidence_level":0.95,"lower_bound":-0.08863317024331407,"upper_bound":0.06693295151217193},"point_estimate":-0.02561912219029061,"standard_error":0.04203762102205791}}