{"mean":{"confidence_interval":{"confidence_level":0.95,"lower_bound":-0.01809438984694779,"upper_bound":0.015530964343304397},"point_estimate":-0.0009820060370570038,"standard_error":0.008555716179541832},"median":{"confidence_interval":{"confidence_level":0.95,"lower_bound":-0.019737366720248617,"upper_bound":0.017400452450896386},"point_estimate":0.000017448768562911,"standard_error":0.009307874077646886}}