{"mean":{"confidence_interval":{"confidence_level":0.95,"lower_bound":32.162190279230416,"upper_bound":33.73576441665021},"point_estimate":32.932617555582404,"standard_error":0.3992068260428171},"median":{"confidence_interval":{"confidence_level":0.95,"lower_bound":32.40946588691811,"upper_bound":34.03951957198316},"point_estimate":33.71243117723701,"standard_error":0.46660731813570117},"median_abs_dev":{"confidence_interval":{"confidence_level":0.95,"lower_bound":2.8165833817198327,"upper_bound":4.875672095495967},"point_estimate":3.612449358628168,"standard_error":0.5321929025075175},"slope":{"confidence_interval":{"confidence_level":0.95,"lower_bound":33.21658002660252,"upper_bound":34.764268186111096},"point_estimate":33.99646992615506,"standard_error":0.39443579096886067},"std_dev":{"confidence_interval":{"confidence_level":0.95,"lower_bound":3.210951421611759,"upper_bound":4.974074743866796},"point_estimate":4.00295439089472,"standard_error":0.47678382091337584}}