{"mean":{"confidence_interval":{"confidence_level":0.95,"lower_bound":-0.0006153824739983909,"upper_bound":0.003142809493609089},"point_estimate":0.0011591583206607137,"standard_error":0.0009658843762979514},"median":{"confidence_interval":{"confidence_level":0.95,"lower_bound":-0.0006508558242417362,"upper_bound":0.0008461257080745738},"point_estimate":0.00003146361766526162,"standard_error":0.00036851677869698395}}