{"mean":{"confidence_interval":{"confidence_level":0.95,"lower_bound":-0.012274345119784084,"upper_bound":0.026749050911722715},"point_estimate":0.007498907094483087,"standard_error":0.009913960137097722},"median":{"confidence_interval":{"confidence_level":0.95,"lower_bound":0.002961898541876451,"upper_bound":0.04455695018104344},"point_estimate":0.021753826433769774,"standard_error":0.01050386933594133}}