{"mean":{"confidence_interval":{"confidence_level":0.95,"lower_bound":-0.0013715436873312531,"upper_bound":0.031284564963446206},"point_estimate":0.014670215901821049,"standard_error":0.008303468250592598},"median":{"confidence_interval":{"confidence_level":0.95,"lower_bound":0.003920413434530978,"upper_bound":0.033012227931020474},"point_estimate":0.017636863522739077,"standard_error":0.007513977489378753}}