{"mean":{"confidence_interval":{"confidence_level":0.95,"lower_bound":100.47294654617056,"upper_bound":102.87098957173014},"point_estimate":101.72742466346106,"standard_error":0.6125866755045651},"median":{"confidence_interval":{"confidence_level":0.95,"lower_bound":102.26390683761925,"upper_bound":104.21194779672277},"point_estimate":103.54442733996387,"standard_error":0.49959485066060383},"median_abs_dev":{"confidence_interval":{"confidence_level":0.95,"lower_bound":3.1236193230477793,"upper_bound":5.745567725872732},"point_estimate":4.156794041144598,"standard_error":0.6524847490769501},"slope":{"confidence_interval":{"confidence_level":0.95,"lower_bound":104.22950187610992,"upper_bound":105.5766065552291},"point_estimate":104.93481384874207,"standard_error":0.34330502520530853},"std_dev":{"confidence_interval":{"confidence_level":0.95,"lower_bound":4.579360607443471,"upper_bound":7.524743759824804},"point_estimate":6.148063611305268,"standard_error":0.7557623895542523}}