{"mean":{"confidence_interval":{"confidence_level":0.95,"lower_bound":-0.030628964023967056,"upper_bound":0.03590858994431749},"point_estimate":0.0018995213036927527,"standard_error":0.017064118874460348},"median":{"confidence_interval":{"confidence_level":0.95,"lower_bound":-0.026258487989180623,"upper_bound":0.047101923044520516},"point_estimate":0.009132446926671145,"standard_error":0.018941751618658586}}