{"mean":{"confidence_interval":{"confidence_level":0.95,"lower_bound":-0.021341160228903963,"upper_bound":0.02852232316040214},"point_estimate":0.00002145625909277804,"standard_error":0.012941310444593138},"median":{"confidence_interval":{"confidence_level":0.95,"lower_bound":-0.05283554680087754,"upper_bound":0.038126637616528125},"point_estimate":-0.01705277072163114,"standard_error":0.02438148081277484}}