{"mean":{"confidence_interval":{"confidence_level":0.95,"lower_bound":12454.754381152188,"upper_bound":12488.031297018297},"point_estimate":12469.793472509324,"standard_error":8.509584374582126},"median":{"confidence_interval":{"confidence_level":0.95,"lower_bound":12435.970111111112,"upper_bound":12446.13829787234},"point_estimate":12440.032739082366,"standard_error":2.7653765840022313},"median_abs_dev":{"confidence_interval":{"confidence_level":0.95,"lower_bound":14.262378586281665,"upper_bound":31.607390218077697},"point_estimate":22.70622413852387,"standard_error":4.612657790186051},"slope":{"confidence_interval":{"confidence_level":0.95,"lower_bound":12437.948039495284,"upper_bound":12463.202518134303},"point_estimate":12448.543925336191,"standard_error":6.520564261134343},"std_dev":{"confidence_interval":{"confidence_level":0.95,"lower_bound":44.98428401332156,"upper_bound":120.17332237047161},"point_estimate":85.58675418243939,"standard_error":19.45014232596844}}