{"mean":{"confidence_interval":{"confidence_level":0.95,"lower_bound":-0.014973432264517552,"upper_bound":-0.0006119278574378073},"point_estimate":-0.006067991468827194,"standard_error":0.003899271732406617},"median":{"confidence_interval":{"confidence_level":0.95,"lower_bound":-0.0021763375825841758,"upper_bound":-0.00010729007264187462},"point_estimate":-0.0011183273787123138,"standard_error":0.0005177392976412073}}