{"mean":{"confidence_interval":{"confidence_level":0.95,"lower_bound":-0.0351917004211445,"upper_bound":-0.004337524698445727},"point_estimate":-0.01968680352104102,"standard_error":0.007912026403471441},"median":{"confidence_interval":{"confidence_level":0.95,"lower_bound":-0.03548429555325816,"upper_bound":-0.0044421606932788515},"point_estimate":-0.02034493229326817,"standard_error":0.007964510446884692}}