{"mean":{"confidence_interval":{"confidence_level":0.95,"lower_bound":40288.72905338233,"upper_bound":40525.9243707278},"point_estimate":40388.23303923494,"standard_error":61.62292708157086},"median":{"confidence_interval":{"confidence_level":0.95,"lower_bound":40229.537333333334,"upper_bound":40285.35157894737},"point_estimate":40260.28523809524,"standard_error":13.294876263100237},"median_abs_dev":{"confidence_interval":{"confidence_level":0.95,"lower_bound":69.90212958586324,"upper_bound":125.95195967126493},"point_estimate":94.44955524950109,"standard_error":14.505872279821146},"slope":{"confidence_interval":{"confidence_level":0.95,"lower_bound":40246.645289761,"upper_bound":40390.92496626146},"point_estimate":40306.343159450276,"standard_error":37.26031379759479},"std_dev":{"confidence_interval":{"confidence_level":0.95,"lower_bound":184.50226435691764,"upper_bound":975.7683936054018},"point_estimate":619.4655507995749,"standard_error":215.2173400160122}}