{"mean":{"confidence_interval":{"confidence_level":0.95,"lower_bound":-0.043012825512955585,"upper_bound":-0.011336125264364361},"point_estimate":-0.02684250511934272,"standard_error":0.008055076718631272},"median":{"confidence_interval":{"confidence_level":0.95,"lower_bound":-0.03390718137304349,"upper_bound":-0.010523938793494003},"point_estimate":-0.023813488231509194,"standard_error":0.006266460725942023}}