{"mean":{"confidence_interval":{"confidence_level":0.95,"lower_bound":-0.0010595056745273388,"upper_bound":0.0029199401464259696},"point_estimate":0.0009182876918072402,"standard_error":0.0010277751494686613},"median":{"confidence_interval":{"confidence_level":0.95,"lower_bound":-0.000921857558276673,"upper_bound":0.000687794856655671},"point_estimate":-0.00008909669871082215,"standard_error":0.00043609744170441126}}