{"mean":{"confidence_interval":{"confidence_level":0.95,"lower_bound":-0.023182980187090252,"upper_bound":0.011271694652966988},"point_estimate":-0.006072608355940146,"standard_error":0.008760055582803121},"median":{"confidence_interval":{"confidence_level":0.95,"lower_bound":-0.04075206772035045,"upper_bound":0.014487752842098356},"point_estimate":-0.01025962276954473,"standard_error":0.013846433651807094}}