{"mean":{"confidence_interval":{"confidence_level":0.95,"lower_bound":-0.00320894047972709,"upper_bound":0.0009439420099736906},"point_estimate":-0.0011156708518441638,"standard_error":0.0010594783370335857},"median":{"confidence_interval":{"confidence_level":0.95,"lower_bound":-0.0010269386264858404,"upper_bound":0.0004970049603663096},"point_estimate":-0.0000935054715550665,"standard_error":0.0003863570895990185}}