{"mean":{"confidence_interval":{"confidence_level":0.95,"lower_bound":0.004745823383767586,"upper_bound":0.03351083515916308},"point_estimate":0.019031968081536066,"standard_error":0.007304958858435947},"median":{"confidence_interval":{"confidence_level":0.95,"lower_bound":0.0064332917475930645,"upper_bound":0.03660254067832591},"point_estimate":0.017235790248363525,"standard_error":0.00783517465863276}}