{"mean":{"confidence_interval":{"confidence_level":0.95,"lower_bound":-0.00989039388635373,"upper_bound":0.027614055607988613},"point_estimate":0.008910267083878765,"standard_error":0.009558148720654915},"median":{"confidence_interval":{"confidence_level":0.95,"lower_bound":-0.02144285202591345,"upper_bound":0.03716604106951937},"point_estimate":0.008480638607509139,"standard_error":0.014617192409225412}}