{"mean":{"confidence_interval":{"confidence_level":0.95,"lower_bound":-0.004373679465354679,"upper_bound":0.004888693008841759},"point_estimate":0.0007235830050367209,"standard_error":0.0023808986692182253},"median":{"confidence_interval":{"confidence_level":0.95,"lower_bound":-0.0006365407943281776,"upper_bound":0.004337071274351345},"point_estimate":0.001568840824666129,"standard_error":0.0012896182051722542}}