{"mean":{"confidence_interval":{"confidence_level":0.95,"lower_bound":-0.01803092274445305,"upper_bound":0.035219915187657234},"point_estimate":0.00836466384256429,"standard_error":0.01368243708386179},"median":{"confidence_interval":{"confidence_level":0.95,"lower_bound":-0.024093517524035768,"upper_bound":0.05012967504971244},"point_estimate":0.019794063478725032,"standard_error":0.019461477125510596}}