{"mean":{"confidence_interval":{"confidence_level":0.95,"lower_bound":-0.023061606770148686,"upper_bound":0.016894059378603943},"point_estimate":-0.0030764869462255318,"standard_error":0.01022434492247875},"median":{"confidence_interval":{"confidence_level":0.95,"lower_bound":-0.009081012062226668,"upper_bound":0.04118767628218212},"point_estimate":0.023927625553058496,"standard_error":0.013732260279737719}}