{"mean":{"confidence_interval":{"confidence_level":0.95,"lower_bound":-0.03432156752938607,"upper_bound":-0.0028331533879441405},"point_estimate":-0.018356337477656193,"standard_error":0.007875418974317407},"median":{"confidence_interval":{"confidence_level":0.95,"lower_bound":-0.025137830828085073,"upper_bound":-0.015737780960074943},"point_estimate":-0.0198567905382675,"standard_error":0.00247325764055382}}