{"mean":{"confidence_interval":{"confidence_level":0.95,"lower_bound":-0.0035077600724982005,"upper_bound":0.0015826944558008699},"point_estimate":-0.0010185450871601498,"standard_error":0.0012952882623221585},"median":{"confidence_interval":{"confidence_level":0.95,"lower_bound":-0.0014039968009693649,"upper_bound":0.0005807940362061448},"point_estimate":-0.0002282133612951931,"standard_error":0.0005272856333538589}}