{"mean":{"confidence_interval":{"confidence_level":0.95,"lower_bound":-0.024499483171914638,"upper_bound":0.016473290595864755},"point_estimate":-0.0037378860139687387,"standard_error":0.010468802818836139},"median":{"confidence_interval":{"confidence_level":0.95,"lower_bound":-0.025996705799392616,"upper_bound":0.01954501800241289},"point_estimate":-0.003872919276450948,"standard_error":0.01174672868838376}}