{"mean":{"confidence_interval":{"confidence_level":0.95,"lower_bound":24.54286338615167,"upper_bound":24.65101970526463},"point_estimate":24.593094153432812,"standard_error":0.027506531172970375},"median":{"confidence_interval":{"confidence_level":0.95,"lower_bound":24.483012291931104,"upper_bound":24.587153835668943},"point_estimate":24.512038722358213,"standard_error":0.025945482097245655},"median_abs_dev":{"confidence_interval":{"confidence_level":0.95,"lower_bound":0.13812310177621126,"upper_bound":0.23476344785334471},"point_estimate":0.18344596093347354,"standard_error":0.023145571320929422},"slope":{"confidence_interval":{"confidence_level":0.95,"lower_bound":24.54120789972577,"upper_bound":24.622608356176087},"point_estimate":24.580976388525972,"standard_error":0.020799423639189015},"std_dev":{"confidence_interval":{"confidence_level":0.95,"lower_bound":0.17407579880212964,"upper_bound":0.38184465991673855},"point_estimate":0.27606821587438507,"standard_error":0.056008118614581805}}