{"mean":{"confidence_interval":{"confidence_level":0.95,"lower_bound":-0.030878759199775216,"upper_bound":0.03233947227798043},"point_estimate":0.0004609658653553783,"standard_error":0.016063286933022152},"median":{"confidence_interval":{"confidence_level":0.95,"lower_bound":-0.03506905477378919,"upper_bound":0.040951737538649},"point_estimate":0.0033402171590826146,"standard_error":0.018964032067161067}}