{"mean":{"confidence_interval":{"confidence_level":0.95,"lower_bound":-0.0005088461066576537,"upper_bound":0.005268299398169446},"point_estimate":0.0019086681181907927,"standard_error":0.0014852160923685908},"median":{"confidence_interval":{"confidence_level":0.95,"lower_bound":-0.0007056575069231963,"upper_bound":0.0009169824987711461},"point_estimate":-0.0001356926369647793,"standard_error":0.00043059813425826496}}