{"mean":{"confidence_interval":{"confidence_level":0.95,"lower_bound":-0.04165855680995015,"upper_bound":0.012173625810111265},"point_estimate":-0.014132276981773773,"standard_error":0.01375777798507212},"median":{"confidence_interval":{"confidence_level":0.95,"lower_bound":-0.038474959403052345,"upper_bound":0.057890086422606624},"point_estimate":0.0018226507912151302,"standard_error":0.025145842684989338}}