{"mean":{"confidence_interval":{"confidence_level":0.95,"lower_bound":-0.005249040700065012,"upper_bound":0.03511780443124523},"point_estimate":0.014581877902558604,"standard_error":0.010358470956016748},"median":{"confidence_interval":{"confidence_level":0.95,"lower_bound":-0.01136880507726612,"upper_bound":0.03755182941389301},"point_estimate":0.011639821076777856,"standard_error":0.012204930274222972}}