{"mean":{"confidence_interval":{"confidence_level":0.95,"lower_bound":0.0034890982771298416,"upper_bound":0.04578065679194085},"point_estimate":0.022838852946174493,"standard_error":0.011493761391986294},"median":{"confidence_interval":{"confidence_level":0.95,"lower_bound":-0.0019432200770276298,"upper_bound":-0.0002064302133364393},"point_estimate":-0.001152908969510591,"standard_error":0.0004427341795572575}}