{"mean":{"confidence_interval":{"confidence_level":0.95,"lower_bound":-0.011563454230334442,"upper_bound":-0.00309208930288829},"point_estimate":-0.007332598511719746,"standard_error":0.002157024364882625},"median":{"confidence_interval":{"confidence_level":0.95,"lower_bound":-0.0026990647938627266,"upper_bound":-0.000037086056826729497},"point_estimate":-0.0013990893600346332,"standard_error":0.0007364623085415503}}