{"mean":{"confidence_interval":{"confidence_level":0.95,"lower_bound":-0.017359813669932462,"upper_bound":0.03137943918133801},"point_estimate":0.007665465977398922,"standard_error":0.012336298698336965},"median":{"confidence_interval":{"confidence_level":0.95,"lower_bound":-0.037620518786308454,"upper_bound":0.0784070436323081},"point_estimate":0.03585815138538351,"standard_error":0.029392027589580084}}