{"mean":{"confidence_interval":{"confidence_level":0.95,"lower_bound":-0.012983655101218865,"upper_bound":0.040823627919725186},"point_estimate":0.013863046956114067,"standard_error":0.013680135165924263},"median":{"confidence_interval":{"confidence_level":0.95,"lower_bound":-0.014323015151105678,"upper_bound":0.047368722897529025},"point_estimate":0.023682192018896764,"standard_error":0.015647456140019514}}