{"mean":{"confidence_interval":{"confidence_level":0.95,"lower_bound":-0.008277998967468062,"upper_bound":0.03315697302314179},"point_estimate":0.011335255207823858,"standard_error":0.010649154943376161},"median":{"confidence_interval":{"confidence_level":0.95,"lower_bound":-0.008951742491169368,"upper_bound":0.03686717928137823},"point_estimate":0.008034144612043326,"standard_error":0.01186151460845192}}