{"mean":{"confidence_interval":{"confidence_level":0.95,"lower_bound":-0.0079442614052016,"upper_bound":0.04538482912039646},"point_estimate":0.017587549660055712,"standard_error":0.01349362529152557},"median":{"confidence_interval":{"confidence_level":0.95,"lower_bound":-0.05485009238945464,"upper_bound":0.10190552941432562},"point_estimate":0.00738826684250915,"standard_error":0.04213664959263864}}