{"mean":{"confidence_interval":{"confidence_level":0.95,"lower_bound":-0.0010695500198687395,"upper_bound":0.002499842759677062},"point_estimate":0.0007273001260070799,"standard_error":0.0009059505525633285},"median":{"confidence_interval":{"confidence_level":0.95,"lower_bound":-0.00019134985180513375,"upper_bound":0.0009110268872754013},"point_estimate":0.000505368468029177,"standard_error":0.00027034284315136006}}