{"mean":{"confidence_interval":{"confidence_level":0.95,"lower_bound":-0.04336828314219618,"upper_bound":-0.007585055528504313},"point_estimate":-0.026078621476560482,"standard_error":0.009214083559988723},"median":{"confidence_interval":{"confidence_level":0.95,"lower_bound":-0.07112178664277713,"upper_bound":0.008394401938937363},"point_estimate":-0.029373339340682092,"standard_error":0.019466397803865165}}