{"mean":{"confidence_interval":{"confidence_level":0.95,"lower_bound":-0.019963821983583086,"upper_bound":0.030538065872427977},"point_estimate":0.003855934838305597,"standard_error":0.012808585018790073},"median":{"confidence_interval":{"confidence_level":0.95,"lower_bound":-0.06586725063779097,"upper_bound":0.08231370511103786},"point_estimate":0.02579080855142646,"standard_error":0.03889228346717171}}