{"mean":{"confidence_interval":{"confidence_level":0.95,"lower_bound":-0.02960864367502689,"upper_bound":0.03076787430260181},"point_estimate":0.003941900569855328,"standard_error":0.015510209240430888},"median":{"confidence_interval":{"confidence_level":0.95,"lower_bound":0.0029068538392882566,"upper_bound":0.02100879534708361},"point_estimate":0.009610635780182397,"standard_error":0.005011020517388033}}