{"mean":{"confidence_interval":{"confidence_level":0.95,"lower_bound":-0.11254120536577561,"upper_bound":-0.004837484677540382},"point_estimate":-0.0534857769788335,"standard_error":0.02780985879483405},"median":{"confidence_interval":{"confidence_level":0.95,"lower_bound":-0.06510959485415924,"upper_bound":0.030442050673111364},"point_estimate":-0.012537972007209741,"standard_error":0.024780537134253815}}