{"mean":{"confidence_interval":{"confidence_level":0.95,"lower_bound":-0.024646971418838363,"upper_bound":0.027873710936417873},"point_estimate":0.0018553307930682106,"standard_error":0.01337991156441059},"median":{"confidence_interval":{"confidence_level":0.95,"lower_bound":-0.02389320052855859,"upper_bound":0.029375067612670978},"point_estimate":-0.0002154810614773961,"standard_error":0.014283210909449864}}