{"mean":{"confidence_interval":{"confidence_level":0.95,"lower_bound":0.0005410980538654256,"upper_bound":0.02866136013288419},"point_estimate":0.010187089883753275,"standard_error":0.007340199455508591},"median":{"confidence_interval":{"confidence_level":0.95,"lower_bound":-0.0022535626549763377,"upper_bound":0.0026514103493122665},"point_estimate":0.00029431715549343984,"standard_error":0.0012273720264493278}}