{"mean":{"confidence_interval":{"confidence_level":0.95,"lower_bound":-0.028848479675405887,"upper_bound":0.13503057667723342},"point_estimate":0.04634813837566587,"standard_error":0.041838012864532044},"median":{"confidence_interval":{"confidence_level":0.95,"lower_bound":-0.04903072065955205,"upper_bound":0.0612031112235214},"point_estimate":0.03304956412491378,"standard_error":0.02847273703777581}}