{"mean":{"confidence_interval":{"confidence_level":0.95,"lower_bound":-0.002459709543171176,"upper_bound":0.0003361599396172641},"point_estimate":-0.0010169094459792083,"standard_error":0.0007128168189219645},"median":{"confidence_interval":{"confidence_level":0.95,"lower_bound":-0.0007308185451609939,"upper_bound":0.0006317145950749392},"point_estimate":-0.00006395449528395769,"standard_error":0.00034911337619577247}}