{"mean":{"confidence_interval":{"confidence_level":0.95,"lower_bound":-0.05140456750262948,"upper_bound":-0.003852790223078966},"point_estimate":-0.025059437204786095,"standard_error":0.012184905853616151},"median":{"confidence_interval":{"confidence_level":0.95,"lower_bound":-0.0016095526006678629,"upper_bound":0.00008685914970187778},"point_estimate":-0.0003929615915194695,"standard_error":0.00045707302887564814}}