{"mean":{"confidence_interval":{"confidence_level":0.95,"lower_bound":-0.004196768976358198,"upper_bound":0.09610178198494383},"point_estimate":0.041894080490997965,"standard_error":0.026237619214905247},"median":{"confidence_interval":{"confidence_level":0.95,"lower_bound":-0.026455105091964245,"upper_bound":0.03541140155459299},"point_estimate":-0.00205124972107662,"standard_error":0.015517666147296666}}