{"mean":{"confidence_interval":{"confidence_level":0.95,"lower_bound":-0.021252198290333115,"upper_bound":0.018198849296017727},"point_estimate":-0.0007581038883957003,"standard_error":0.01005309327367742},"median":{"confidence_interval":{"confidence_level":0.95,"lower_bound":-0.016319203488343956,"upper_bound":0.028520367502385513},"point_estimate":0.007742202570239387,"standard_error":0.011711692831197495}}