{"mean":{"confidence_interval":{"confidence_level":0.95,"lower_bound":-0.0022549211077111707,"upper_bound":0.001198172153397203},"point_estimate":-0.00047648323397853076,"standard_error":0.0008795719328348119},"median":{"confidence_interval":{"confidence_level":0.95,"lower_bound":-0.0009158211528723648,"upper_bound":0.0005201223082857975},"point_estimate":-0.00008929623686426691,"standard_error":0.0003596374550923387}}