{"mean":{"confidence_interval":{"confidence_level":0.95,"lower_bound":-0.014777352553136041,"upper_bound":-0.0015284071931784802},"point_estimate":-0.006777713858458823,"standard_error":0.003495129858511458},"median":{"confidence_interval":{"confidence_level":0.95,"lower_bound":-0.004126077621300461,"upper_bound":0.0004739706106502428},"point_estimate":-0.0008731506272996459,"standard_error":0.0011755861000834178}}