{"mean":{"confidence_interval":{"confidence_level":0.95,"lower_bound":-0.023918908859197396,"upper_bound":0.03699453836132418},"point_estimate":0.005965685148533018,"standard_error":0.015588497304246381},"median":{"confidence_interval":{"confidence_level":0.95,"lower_bound":-0.03429660589422845,"upper_bound":0.032381629332976836},"point_estimate":-0.0033061466665268435,"standard_error":0.015773926803734063}}