{"mean":{"confidence_interval":{"confidence_level":0.95,"lower_bound":-0.027905529753529466,"upper_bound":0.024840446949341403},"point_estimate":-0.0010233990571711926,"standard_error":0.013486094423047129},"median":{"confidence_interval":{"confidence_level":0.95,"lower_bound":-0.0630299958307673,"upper_bound":0.05717514904050147},"point_estimate":-0.00291183184066357,"standard_error":0.03178099205679987}}