{"mean":{"confidence_interval":{"confidence_level":0.95,"lower_bound":0.00025173642147071083,"upper_bound":0.004306625878431319},"point_estimate":0.0022016481575797275,"standard_error":0.0010337766936030083},"median":{"confidence_interval":{"confidence_level":0.95,"lower_bound":-0.0003752052217276258,"upper_bound":0.0010226318863493233},"point_estimate":0.0003330638369869465,"standard_error":0.00034229821230444545}}