{"mean":{"confidence_interval":{"confidence_level":0.95,"lower_bound":-0.0017980863290607413,"upper_bound":0.0015751949001530919},"point_estimate":-0.00013226447200931357,"standard_error":0.0008573774378498929},"median":{"confidence_interval":{"confidence_level":0.95,"lower_bound":-0.0009724885143530537,"upper_bound":0.000359268899852605},"point_estimate":-0.0003920338966900694,"standard_error":0.0003537187733158258}}