{"mean":{"confidence_interval":{"confidence_level":0.95,"lower_bound":-0.023116750706297165,"upper_bound":0.04338542516871661},"point_estimate":0.009892514775224903,"standard_error":0.01703799567847585},"median":{"confidence_interval":{"confidence_level":0.95,"lower_bound":-0.03754129196418139,"upper_bound":0.059848016042034075},"point_estimate":0.008425334663055173,"standard_error":0.022961660537071847}}