{"mean":{"confidence_interval":{"confidence_level":0.95,"lower_bound":0.0008070923808179422,"upper_bound":0.007614253506617488},"point_estimate":0.0041284494765911894,"standard_error":0.0017452812162344663},"median":{"confidence_interval":{"confidence_level":0.95,"lower_bound":-0.0006361096759612828,"upper_bound":0.0014794533455015912},"point_estimate":0.0003508270636953803,"standard_error":0.0005200974401533471}}