{"mean":{"confidence_interval":{"confidence_level":0.95,"lower_bound":-0.017523069981700348,"upper_bound":0.03918161396296982},"point_estimate":0.010472435994657303,"standard_error":0.01443164783062754},"median":{"confidence_interval":{"confidence_level":0.95,"lower_bound":-0.04315696332088881,"upper_bound":0.05847181727261387},"point_estimate":0.01959565681515274,"standard_error":0.02621540093333911}}