{"mean":{"confidence_interval":{"confidence_level":0.95,"lower_bound":-0.05040104337210119,"upper_bound":-0.0038619107959158815},"point_estimate":-0.024950674579305887,"standard_error":0.011951362656517445},"median":{"confidence_interval":{"confidence_level":0.95,"lower_bound":-0.0022699237224418356,"upper_bound":0.0009225106309479642},"point_estimate":-0.0006156672052086698,"standard_error":0.0008870087498302985}}