{"mean":{"confidence_interval":{"confidence_level":0.95,"lower_bound":9344.899233586233,"upper_bound":9399.862907672914},"point_estimate":9365.764967451769,"standard_error":14.877532239319558},"median":{"confidence_interval":{"confidence_level":0.95,"lower_bound":9334.418301886792,"upper_bound":9339.91784591195},"point_estimate":9337.251572844598,"standard_error":1.5800684969738918},"median_abs_dev":{"confidence_interval":{"confidence_level":0.95,"lower_bound":12.344575425888968,"upper_bound":22.804706670122254},"point_estimate":18.37626471540026,"standard_error":2.7342579888421894},"slope":{"confidence_interval":{"confidence_level":0.95,"lower_bound":9333.672714460317,"upper_bound":9343.009046276724},"point_estimate":9337.89295858648,"standard_error":2.3833050349126697},"std_dev":{"confidence_interval":{"confidence_level":0.95,"lower_bound":33.45802485190929,"upper_bound":248.20956166271245},"point_estimate":149.229249668413,"standard_error":70.81506899589411}}