{"mean":{"confidence_interval":{"confidence_level":0.95,"lower_bound":0.030581218621004543,"upper_bound":0.17974073724053402},"point_estimate":0.10164610625583803,"standard_error":0.03828428876801491},"median":{"confidence_interval":{"confidence_level":0.95,"lower_bound":0.0013287201198703968,"upper_bound":0.004778075302338961},"point_estimate":0.0026938241078919845,"standard_error":0.0008789550636204262}}