{"mean":{"confidence_interval":{"confidence_level":0.95,"lower_bound":-0.02133398821070776,"upper_bound":0.013037305615249717},"point_estimate":-0.003902683323973699,"standard_error":0.008779866231938223},"median":{"confidence_interval":{"confidence_level":0.95,"lower_bound":-0.026257995920550004,"upper_bound":0.019399262363624326},"point_estimate":-0.010674584459401837,"standard_error":0.01142881720523971}}