{"mean":{"confidence_interval":{"confidence_level":0.95,"lower_bound":-0.04472214077928836,"upper_bound":0.030367434312242706},"point_estimate":-0.006814081528786375,"standard_error":0.019247511168490487},"median":{"confidence_interval":{"confidence_level":0.95,"lower_bound":-0.08631407810437497,"upper_bound":0.07929590815106846},"point_estimate":-0.009842692514336893,"standard_error":0.0418898999734983}}