{"mean":{"confidence_interval":{"confidence_level":0.95,"lower_bound":-0.0005710623085924099,"upper_bound":0.0032423350093530308},"point_estimate":0.0013883214852854486,"standard_error":0.0009731434010874342},"median":{"confidence_interval":{"confidence_level":0.95,"lower_bound":-0.00012248417559101998,"upper_bound":0.0013677268331606651},"point_estimate":0.0006656441833126081,"standard_error":0.0004009818286672115}}