{"mean":{"confidence_interval":{"confidence_level":0.95,"lower_bound":-0.047096866172274945,"upper_bound":0.011887501738440899},"point_estimate":-0.016637843346696712,"standard_error":0.015023043257937723},"median":{"confidence_interval":{"confidence_level":0.95,"lower_bound":-0.023578097977171253,"upper_bound":0.027511250515668273},"point_estimate":0.004161959831638695,"standard_error":0.013128346620204116}}