{"mean":{"confidence_interval":{"confidence_level":0.95,"lower_bound":0.008289338428069259,"upper_bound":0.016566326510021136},"point_estimate":0.012398867302167549,"standard_error":0.0021142514089612214},"median":{"confidence_interval":{"confidence_level":0.95,"lower_bound":0.009864360028446484,"upper_bound":0.018742222146273413},"point_estimate":0.014259555773278754,"standard_error":0.0022624648517378166}}