{"mean":{"confidence_interval":{"confidence_level":0.95,"lower_bound":-0.022084374967590574,"upper_bound":0.013390504903912455},"point_estimate":-0.005063116059655037,"standard_error":0.009074915875593356},"median":{"confidence_interval":{"confidence_level":0.95,"lower_bound":-0.03565371500746972,"upper_bound":0.03335271682389959},"point_estimate":0.002503567210385249,"standard_error":0.017198995727582638}}