{"mean":{"confidence_interval":{"confidence_level":0.95,"lower_bound":-0.003805622675549597,"upper_bound":-0.00016035205128376348},"point_estimate":-0.0019405123412599146,"standard_error":0.0009286014040649427},"median":{"confidence_interval":{"confidence_level":0.95,"lower_bound":-0.002127090870959858,"upper_bound":0.0002409925068025398},"point_estimate":-0.0007924600175018837,"standard_error":0.0006008568823938971}}