{"mean":{"confidence_interval":{"confidence_level":0.95,"lower_bound":-0.023871981765936773,"upper_bound":0.0016279332290306515},"point_estimate":-0.007947279250425376,"standard_error":0.007158633214843623},"median":{"confidence_interval":{"confidence_level":0.95,"lower_bound":-0.0017158951480006222,"upper_bound":0.0009418933305096466},"point_estimate":-0.0003699305552866683,"standard_error":0.0006744832083491703}}