{"mean":{"confidence_interval":{"confidence_level":0.95,"lower_bound":-0.00017349703316612834,"upper_bound":0.005086950087639446},"point_estimate":0.0022392670932036562,"standard_error":0.001373070566638963},"median":{"confidence_interval":{"confidence_level":0.95,"lower_bound":-0.000696657928514298,"upper_bound":0.0010086834946132495},"point_estimate":0.000026160345171000188,"standard_error":0.00042464553777334904}}