{"mean":{"confidence_interval":{"confidence_level":0.95,"lower_bound":-0.018021031905440417,"upper_bound":0.030919346503002435},"point_estimate":0.006545246929924531,"standard_error":0.012523187690005587},"median":{"confidence_interval":{"confidence_level":0.95,"lower_bound":-0.012288156926331117,"upper_bound":0.04652853173007809},"point_estimate":0.014610377173724709,"standard_error":0.01468087898979447}}