{"mean":{"confidence_interval":{"confidence_level":0.95,"lower_bound":-0.0045183289330360385,"upper_bound":0.00010957853215820312},"point_estimate":-0.0020682768773140348,"standard_error":0.0011820415552581522},"median":{"confidence_interval":{"confidence_level":0.95,"lower_bound":-0.0037611968216539893,"upper_bound":0.0009416123956522693},"point_estimate":-0.001574804970585597,"standard_error":0.0011946792798350168}}