{"mean":{"confidence_interval":{"confidence_level":0.95,"lower_bound":-0.017910400646013395,"upper_bound":0.04946868138829234},"point_estimate":0.01599651892658982,"standard_error":0.017170400524176496},"median":{"confidence_interval":{"confidence_level":0.95,"lower_bound":-0.024029580053494537,"upper_bound":0.051238919261378246},"point_estimate":0.0053008407690862125,"standard_error":0.018667918435434656}}