{"mean":{"confidence_interval":{"confidence_level":0.95,"lower_bound":-0.0530658948708273,"upper_bound":-0.002599609723650051},"point_estimate":-0.025986609528683924,"standard_error":0.01289387677260734},"median":{"confidence_interval":{"confidence_level":0.95,"lower_bound":-0.011825238562651497,"upper_bound":-0.0007707762091008208},"point_estimate":-0.006062192388290533,"standard_error":0.002856913973866556}}