{"mean":{"confidence_interval":{"confidence_level":0.95,"lower_bound":-0.0236681717363096,"upper_bound":0.03191036211647522},"point_estimate":0.0032281469822643682,"standard_error":0.014183555053782458},"median":{"confidence_interval":{"confidence_level":0.95,"lower_bound":-0.024299418232219705,"upper_bound":0.044991134818642475},"point_estimate":0.016214445544629363,"standard_error":0.018210180468803412}}