{"mean":{"confidence_interval":{"confidence_level":0.95,"lower_bound":-0.028980930402825223,"upper_bound":0.04053705185218694},"point_estimate":0.005215068573570347,"standard_error":0.017843819969436334},"median":{"confidence_interval":{"confidence_level":0.95,"lower_bound":-0.03243402080116653,"upper_bound":0.05339101476240835},"point_estimate":0.019196670416373074,"standard_error":0.023032189675672464}}