{"mean":{"confidence_interval":{"confidence_level":0.95,"lower_bound":-0.004338091985988312,"upper_bound":0.031195605901231382},"point_estimate":0.013721918129561583,"standard_error":0.009055936403589277},"median":{"confidence_interval":{"confidence_level":0.95,"lower_bound":-0.022608458566674372,"upper_bound":0.02973847662831197},"point_estimate":0.004420972885424979,"standard_error":0.013185457104741147}}