{"mean":{"confidence_interval":{"confidence_level":0.95,"lower_bound":-0.0183819625445751,"upper_bound":0.0018423938099467272},"point_estimate":-0.0061627848130728635,"standard_error":0.0054116612842752786},"median":{"confidence_interval":{"confidence_level":0.95,"lower_bound":-0.0008942024541087612,"upper_bound":0.001421887085136353},"point_estimate":0.00038346268358369073,"standard_error":0.0005733865724321635}}