{"mean":{"confidence_interval":{"confidence_level":0.95,"lower_bound":0.006232419469421021,"upper_bound":0.04923864148557513},"point_estimate":0.025793068966877497,"standard_error":0.011367639823953005},"median":{"confidence_interval":{"confidence_level":0.95,"lower_bound":-0.0007021223621753725,"upper_bound":0.0006952772000750063},"point_estimate":-0.00016756213646373919,"standard_error":0.00034944893484626185}}