{"mean":{"confidence_interval":{"confidence_level":0.95,"lower_bound":-0.09228561109868559,"upper_bound":0.0018654117137227122},"point_estimate":-0.044351083840691086,"standard_error":0.02405873263395763},"median":{"confidence_interval":{"confidence_level":0.95,"lower_bound":-0.05932217409831253,"upper_bound":0.027869531470510855},"point_estimate":-0.019113566646958735,"standard_error":0.02175462314500358}}