{"mean":{"confidence_interval":{"confidence_level":0.95,"lower_bound":-0.0007175984051097955,"upper_bound":0.0054053942002231375},"point_estimate":0.0023381839618377143,"standard_error":0.0015380433800179169},"median":{"confidence_interval":{"confidence_level":0.95,"lower_bound":-0.00017401658100080208,"upper_bound":0.0023062044175736762},"point_estimate":0.0006371719016140531,"standard_error":0.0006299031426479882}}