{"mean":{"confidence_interval":{"confidence_level":0.95,"lower_bound":0.0011006335313418607,"upper_bound":0.013317635617212291},"point_estimate":0.006580138144208769,"standard_error":0.003122920961018337},"median":{"confidence_interval":{"confidence_level":0.95,"lower_bound":-0.00014801656919305461,"upper_bound":0.0020349563600130516},"point_estimate":0.0008578197487325578,"standard_error":0.0005284422084365025}}