{"mean":{"confidence_interval":{"confidence_level":0.95,"lower_bound":-0.0014594764996008506,"upper_bound":0.004771485692371462},"point_estimate":0.0012509556004187683,"standard_error":0.0016870119760289122},"median":{"confidence_interval":{"confidence_level":0.95,"lower_bound":-0.0007084518475413137,"upper_bound":0.0005454196291496682},"point_estimate":-0.00006233724852977574,"standard_error":0.00030755445348487154}}