{"mean":{"confidence_interval":{"confidence_level":0.95,"lower_bound":-0.12925172175803223,"upper_bound":-0.05164101901232282},"point_estimate":-0.08924380179368074,"standard_error":0.01985594631528621},"median":{"confidence_interval":{"confidence_level":0.95,"lower_bound":-0.0036676245848047406,"upper_bound":-0.000562158997199691},"point_estimate":-0.00158680547499368,"standard_error":0.0007654811268340382}}