{"mean":{"confidence_interval":{"confidence_level":0.95,"lower_bound":-0.0023281083813225622,"upper_bound":0.0019548025724809284},"point_estimate":-0.00019334654091818226,"standard_error":0.00108773892095659},"median":{"confidence_interval":{"confidence_level":0.95,"lower_bound":-0.001201511209551358,"upper_bound":0.000623980760924292},"point_estimate":-0.00007589091413173765,"standard_error":0.0004640027525701145}}