{"mean":{"confidence_interval":{"confidence_level":0.95,"lower_bound":100.34076999009623,"upper_bound":102.62135839784904},"point_estimate":101.54104776709625,"standard_error":0.5824977598106748},"median":{"confidence_interval":{"confidence_level":0.95,"lower_bound":100.87207700745394,"upper_bound":103.57875481357003},"point_estimate":102.00655469726594,"standard_error":0.7194076489955507},"median_abs_dev":{"confidence_interval":{"confidence_level":0.95,"lower_bound":3.0845483708128882,"upper_bound":5.159185642138225},"point_estimate":4.132181553183208,"standard_error":0.5256649864594751},"slope":{"confidence_interval":{"confidence_level":0.95,"lower_bound":103.57241697079786,"upper_bound":105.14144810551957},"point_estimate":104.3902770399939,"standard_error":0.39966897192214146},"std_dev":{"confidence_interval":{"confidence_level":0.95,"lower_bound":4.08934121888074,"upper_bound":7.438229016364029},"point_estimate":5.863161125504557,"standard_error":0.8522928397875672}}