{"mean":{"confidence_interval":{"confidence_level":0.95,"lower_bound":-0.0005793379204389769,"upper_bound":0.005205317904025662},"point_estimate":0.0021962577543195305,"standard_error":0.0015438931343572722},"median":{"confidence_interval":{"confidence_level":0.95,"lower_bound":-0.000310018221196273,"upper_bound":0.0012995427134974147},"point_estimate":0.0006177854898179458,"standard_error":0.00041364313816379415}}