{"mean":{"confidence_interval":{"confidence_level":0.95,"lower_bound":-0.0031295849147852965,"upper_bound":0.010122243224319125},"point_estimate":0.0021468774062352036,"standard_error":0.0036369384494527894},"median":{"confidence_interval":{"confidence_level":0.95,"lower_bound":-0.001149440888757236,"upper_bound":0.00007495324677161319},"point_estimate":-0.00048275082036564054,"standard_error":0.0003036801251774392}}