{"mean":{"confidence_interval":{"confidence_level":0.95,"lower_bound":-0.002972069778628744,"upper_bound":0.031214744788593197},"point_estimate":0.014036022786678481,"standard_error":0.008715419334192785},"median":{"confidence_interval":{"confidence_level":0.95,"lower_bound":0.005098357278062959,"upper_bound":0.03607922354248738},"point_estimate":0.021181488591605513,"standard_error":0.007405863249045624}}