{"mean":{"confidence_interval":{"confidence_level":0.95,"lower_bound":-0.061671786468449216,"upper_bound":-0.009775105677100344},"point_estimate":-0.033102621322935066,"standard_error":0.013273871619754216},"median":{"confidence_interval":{"confidence_level":0.95,"lower_bound":-0.004154144230417489,"upper_bound":-0.0010300497154547283},"point_estimate":-0.0022299635362788006,"standard_error":0.0008631461131242063}}