{"mean":{"confidence_interval":{"confidence_level":0.95,"lower_bound":0.00562153378985655,"upper_bound":0.0425383209854737},"point_estimate":0.02363857730284713,"standard_error":0.009210485788718728},"median":{"confidence_interval":{"confidence_level":0.95,"lower_bound":0.0014466115380040723,"upper_bound":0.02269714318657856},"point_estimate":0.01095316930407031,"standard_error":0.005435796308502907}}