{"mean":{"confidence_interval":{"confidence_level":0.95,"lower_bound":-0.00481639493718635,"upper_bound":0.02858606168959015},"point_estimate":0.012210476248189162,"standard_error":0.008456273710799182},"median":{"confidence_interval":{"confidence_level":0.95,"lower_bound":-0.011559210251373297,"upper_bound":0.021186609606643758},"point_estimate":0.007041005006878764,"standard_error":0.008311328601963574}}