{"mean":{"confidence_interval":{"confidence_level":0.95,"lower_bound":-0.006391330319191972,"upper_bound":0.0004367454340063524},"point_estimate":-0.0024911993097345153,"standard_error":0.0017580658329031786},"median":{"confidence_interval":{"confidence_level":0.95,"lower_bound":-0.0015341114738588457,"upper_bound":-0.0004035290628214838},"point_estimate":-0.0010775956204961412,"standard_error":0.0002928554611143784}}