{"mean":{"confidence_interval":{"confidence_level":0.95,"lower_bound":-0.0038845209925581765,"upper_bound":0.0005222308380301067},"point_estimate":-0.0015136262391031163,"standard_error":0.0011215723081593118},"median":{"confidence_interval":{"confidence_level":0.95,"lower_bound":-0.0011352150040593312,"upper_bound":0.00012299893670508766},"point_estimate":-0.00043401569498424664,"standard_error":0.0003235881958309267}}