{"mean":{"confidence_interval":{"confidence_level":0.95,"lower_bound":-0.028940131565599898,"upper_bound":0.033658808699233045},"point_estimate":0.0012567936171992145,"standard_error":0.016038436639874386},"median":{"confidence_interval":{"confidence_level":0.95,"lower_bound":-0.07886016369116466,"upper_bound":0.0835623704842603},"point_estimate":0.009364543503771028,"standard_error":0.04190245439648872}}