{"mean":{"confidence_interval":{"confidence_level":0.95,"lower_bound":-0.066770846348462,"upper_bound":0.012967844516665798},"point_estimate":-0.02447678803468445,"standard_error":0.020366615284190943},"median":{"confidence_interval":{"confidence_level":0.95,"lower_bound":-0.052455570667133314,"upper_bound":0.02128010736549757},"point_estimate":-0.010481857489007984,"standard_error":0.018230981571370743}}