{"mean":{"confidence_interval":{"confidence_level":0.95,"lower_bound":-0.0010623354053478195,"upper_bound":0.001720252564553487},"point_estimate":0.00032280429068354266,"standard_error":0.0007089429336016367},"median":{"confidence_interval":{"confidence_level":0.95,"lower_bound":-0.00033884520471244806,"upper_bound":0.0008649324514082846},"point_estimate":0.0003757005132043467,"standard_error":0.0003081132251518334}}