{"mean":{"confidence_interval":{"confidence_level":0.95,"lower_bound":-0.08460968040274967,"upper_bound":0.00804856398815605},"point_estimate":-0.03765460940523058,"standard_error":0.023641772306301337},"median":{"confidence_interval":{"confidence_level":0.95,"lower_bound":-0.09964991159535863,"upper_bound":0.06290260379749668},"point_estimate":-0.03184512567825193,"standard_error":0.04240485282590046}}