{"mean":{"confidence_interval":{"confidence_level":0.95,"lower_bound":97.90302072140136,"upper_bound":100.51956187548244},"point_estimate":99.2270257085067,"standard_error":0.6672987496253787},"median":{"confidence_interval":{"confidence_level":0.95,"lower_bound":97.73780438687204,"upper_bound":100.51434850051706},"point_estimate":99.4444973818552,"standard_error":0.7283706785854308},"median_abs_dev":{"confidence_interval":{"confidence_level":0.95,"lower_bound":4.18723766747942,"upper_bound":6.645844513632839},"point_estimate":5.336755686865007,"standard_error":0.639176383470732},"slope":{"confidence_interval":{"confidence_level":0.95,"lower_bound":98.07688504614691,"upper_bound":100.20532545710502},"point_estimate":99.10235278113004,"standard_error":0.5439111675645801},"std_dev":{"confidence_interval":{"confidence_level":0.95,"lower_bound":5.208617178927317,"upper_bound":8.080337935200731},"point_estimate":6.705007984631004,"standard_error":0.736041293966924}}