{"mean":{"confidence_interval":{"confidence_level":0.95,"lower_bound":-0.028522905992567987,"upper_bound":0.039228647803726674},"point_estimate":0.003286008156166531,"standard_error":0.017253130833573996},"median":{"confidence_interval":{"confidence_level":0.95,"lower_bound":-0.08027561607082566,"upper_bound":0.07384476055620579},"point_estimate":-0.01151077490093988,"standard_error":0.039130238793931266}}