{"mean":{"confidence_interval":{"confidence_level":0.95,"lower_bound":-0.03270806869155489,"upper_bound":0.05680563335197464},"point_estimate":0.01153418259201544,"standard_error":0.022767374879005518},"median":{"confidence_interval":{"confidence_level":0.95,"lower_bound":-0.04772450746031143,"upper_bound":0.04815982983526079},"point_estimate":-0.0003218383367994404,"standard_error":0.025775905210734494}}