{"mean":{"confidence_interval":{"confidence_level":0.95,"lower_bound":-0.026105252079156833,"upper_bound":0.029707167923714285},"point_estimate":0.0006410881561400572,"standard_error":0.014252227764877992},"median":{"confidence_interval":{"confidence_level":0.95,"lower_bound":-0.025381894707738217,"upper_bound":0.03193292530773273},"point_estimate":-0.002867014713570093,"standard_error":0.014021848037524254}}