{"mean":{"confidence_interval":{"confidence_level":0.95,"lower_bound":-0.03053745057471437,"upper_bound":0.03651698284607402},"point_estimate":0.001792758336382816,"standard_error":0.01708792007018898},"median":{"confidence_interval":{"confidence_level":0.95,"lower_bound":-0.0650381877417805,"upper_bound":0.11100508976244657},"point_estimate":0.021042128452789077,"standard_error":0.04548904424945979}}