{"mean":{"confidence_interval":{"confidence_level":0.95,"lower_bound":-0.06595521589841016,"upper_bound":0.016104728827064606},"point_estimate":-0.02730345154364333,"standard_error":0.020973822467476186},"median":{"confidence_interval":{"confidence_level":0.95,"lower_bound":-0.07452491746032341,"upper_bound":0.03108718983068015},"point_estimate":-0.019753141820476827,"standard_error":0.027535092254094676}}