{"mean":{"confidence_interval":{"confidence_level":0.95,"lower_bound":-0.037606835191485284,"upper_bound":-0.003192373645942994},"point_estimate":-0.01852018153335666,"standard_error":0.008839845203355796},"median":{"confidence_interval":{"confidence_level":0.95,"lower_bound":-0.001691786787982208,"upper_bound":0.00021504342489930828},"point_estimate":-0.0006695217298197109,"standard_error":0.0004890670850554836}}