{"mean":{"confidence_interval":{"confidence_level":0.95,"lower_bound":-0.0011779879882796885,"upper_bound":0.002752842208156414},"point_estimate":0.0006657248866421828,"standard_error":0.0010005644330819577},"median":{"confidence_interval":{"confidence_level":0.95,"lower_bound":-0.001248529570847098,"upper_bound":0.00039117675347277725},"point_estimate":-0.00023782962429930166,"standard_error":0.0003937875985378692}}