{"mean":{"confidence_interval":{"confidence_level":0.95,"lower_bound":-0.032170708907577054,"upper_bound":-0.00466939262542867},"point_estimate":-0.016953021263033108,"standard_error":0.007114655688548438},"median":{"confidence_interval":{"confidence_level":0.95,"lower_bound":-0.0021255888153087765,"upper_bound":-0.0005531302679327276},"point_estimate":-0.0012808932087639002,"standard_error":0.00039702483246218225}}